{
  "tempo": {
    "1e3": [
      5.311599999666214, 2.4255000054836273, 2.4459999948740005,
      2.444100007414818, 2.4108000099658966, 2.5014000087976456,
      2.4948000013828278, 2.447500005364418, 2.4412999898195267,
      2.4116999953985214, 2.4158999919891357, 2.465599998831749,
      2.483499988913536, 2.413099989295006, 4.66329999268055, 2.420199990272522,
      2.4378999918699265, 2.69480000436306, 2.8699000030755997,
      2.465800002217293
    ],
    "1e4": [
      250.03640000522137, 254.6017000079155, 248.99650000035763,
      253.45919999480247, 251.98719999194145, 291.0362000018358,
      241.01410000026226, 241.87219999730587, 266.72350001335144,
      256.2985000014305, 241.07990001142025, 240.770300000906,
      254.2694000005722, 245.479699999094, 248.46220000088215,
      251.66099999845028, 246.15340000391006, 291.50609999895096,
      273.03069999814034, 241.92139999568462
    ],
    "1e5": [
      25033.925899997354, 24981.16470000148, 24944.19470000267,
      25985.84540000558, 26519.05380000174, 25730.71699999273,
      25419.50499999523, 25395.822500005364, 25117.34160000086,
      24841.20600000024, 24941.432700008154, 25895.059799999, 26648.62279999256,
      24958.14959999919, 25786.011600002646, 26481.22619999945,
      26144.72050000727, 26968.491900011897, 27112.350199997425,
      26301.115999996662
    ]
  },
  "espaco": { "1e3": [], "1e4": [], "1e5": [] }
}
